"date_of_interest","Bronx_CASE_COUNT","Brooklyn_CASE_COUNT","Manhattan_CASE_COUNT","Queens_CASE_COUNT","StatenIsland_CASE_COUNT","Bronx_DEATH_COUNT","Brooklyn_DEATH_COUNT","Manhattan_DEATH_COUNT","Queens_DEATH_COUNT","StatenIsland_DEATH_COUNT","Bronx_HOSPITALIZED_COUNT","Brooklyn_HOSPITALIZED_COUNT","Manhattan_HOSPITALIZED_COUNT","Queens_HOSPITALIZED_COUNT","StatenIsland_HOSPITALIZED_COUNT"
2020-02-29,0,0,1,0,0,0,0,0,0,0,0,1,0,0,0
2020-03-01,0,0,0,0,0,0,0,0,0,0,1,0,0,0,0
2020-03-02,0,0,0,0,0,0,0,0,0,0,0,2,0,0,0
2020-03-03,0,0,0,1,0,0,0,0,0,0,1,3,1,2,0
2020-03-04,0,1,2,2,0,0,0,0,0,0,0,1,1,0,0
2020-03-05,0,3,0,0,0,0,0,0,0,0,1,3,5,4,1
2020-03-06,2,1,3,1,1,0,0,0,0,0,1,1,3,2,1
2020-03-07,0,2,1,3,1,0,0,0,0,0,1,3,0,4,0
2020-03-08,3,5,6,6,1,0,0,0,0,0,5,8,1,4,0
2020-03-09,4,16,24,10,3,0,0,0,0,0,7,11,9,8,2
2020-03-10,8,11,24,24,2,0,0,0,0,0,7,13,12,23,5
2020-03-11,19,31,62,40,3,0,0,0,1,0,23,12,19,23,2
2020-03-12,29,96,137,80,13,0,0,0,0,0,19,33,16,35,3
2020-03-13,79,166,182,166,26,0,0,0,0,0,26,44,31,49,2
2020-03-14,86,163,176,194,23,0,1,0,1,0,22,40,36,72,7
2020-03-15,119,432,205,231,47,1,0,2,1,0,37,53,33,67,20
2020-03-16,305,740,457,528,91,3,1,0,3,0,72,92,45,114,15
2020-03-17,343,783,567,650,108,1,4,0,3,0,60,98,76,128,23
2020-03-18,482,965,538,835,150,1,6,4,9,0,110,123,87,152,23
2020-03-19,623,1204,555,1065,258,4,6,4,6,4,135,157,105,208,26
2020-03-20,723,1136,653,1185,310,13,11,11,9,3,126,221,112,247,33
2020-03-21,491,554,399,947,248,12,12,5,14,1,158,182,117,244,33
2020-03-22,495,755,317,696,317,12,10,7,14,6,173,206,131,229,34
2020-03-23,730,909,530,1192,209,12,27,7,28,8,219,294,185,390,43
2020-03-24,927,1212,619,1389,350,14,23,17,35,6,270,359,204,420,48
2020-03-25,1068,1255,586,1571,394,31,37,20,33,4,313,423,200,448,52
2020-03-26,998,1372,626,1644,405,37,50,29,60,10,318,488,225,451,56
2020-03-27,1090,1426,656,1576,371,36,75,41,57,7,314,472,222,513,64
2020-03-28,761,863,388,1201,266,62,77,28,92,13,312,395,186,451,50
2020-03-29,699,1149,407,1075,230,55,89,35,94,17,321,464,160,505,64
2020-03-30,1315,1754,802,1859,398,75,106,34,98,10,350,555,275,609,72
2020-03-31,1282,1512,616,1811,237,99,128,43,96,22,390,544,222,592,69
2020-04-01,1240,1590,573,1781,264,93,135,59,144,16,374,515,217,579,83
2020-04-02,1289,1610,652,1826,369,96,171,62,141,29,354,444,242,570,74
2020-04-03,1452,1440,671,1762,345,116,144,51,159,29,382,449,255,560,68
2020-04-04,1012,920,385,1203,345,106,165,62,158,20,312,376,198,521,54
2020-04-05,822,1144,356,1136,323,124,165,86,181,22,306,401,190,437,72
2020-04-06,1514,1461,721,1927,730,112,169,69,202,24,388,471,261,547,83
2020-04-07,1463,1397,605,1949,630,115,180,92,184,27,331,464,194,533,69
2020-04-08,1305,1305,546,1857,562,114,171,66,183,34,356,455,172,515,62
2020-04-09,1285,1369,558,1560,298,108,188,65,172,25,271,416,190,426,53
2020-04-10,1227,1145,495,1342,301,116,178,69,155,19,293,327,176,437,60
2020-04-11,998,1131,304,987,311,132,160,60,164,28,245,296,132,329,47
2020-04-12,763,703,252,916,253,110,201,62,174,26,228,255,128,298,44
2020-04-13,693,1066,393,974,185,123,157,71,192,25,262,326,169,342,58
2020-04-14,1076,1038,440,1300,290,111,152,60,161,24,202,261,139,336,46
2020-04-15,1068,882,429,1180,317,95,133,56,148,24,201,244,129,262,32
2020-04-16,940,885,355,1139,211,86,126,54,133,14,172,229,104,237,42
2020-04-17,916,962,330,1099,279,88,118,41,122,15,170,230,106,252,32
2020-04-18,552,575,187,705,153,62,116,57,136,19,133,156,83,184,29
2020-04-19,532,635,176,866,134,79,117,49,134,19,142,124,69,174,28
2020-04-20,981,983,381,1223,224,78,95,50,124,17,141,187,95,186,32
2020-04-21,641,896,371,937,216,70,92,47,103,11,141,161,90,172,24
2020-04-22,927,854,382,1109,173,67,107,37,86,14,119,139,90,154,17
2020-04-23,735,786,400,793,127,58,106,47,106,13,109,126,55,136,22
2020-04-24,579,630,408,775,143,62,93,47,98,14,99,128,80,138,29
2020-04-25,418,404,145,540,88,57,77,40,82,9,79,94,42,89,23
2020-04-26,196,332,98,331,46,54,61,34,89,7,74,75,41,100,17
2020-04-27,551,607,302,723,107,54,86,30,91,9,90,92,61,107,20
2020-04-28,668,709,323,896,130,56,57,35,73,8,88,92,56,106,14
2020-04-29,557,683,285,691,124,40,71,32,80,14,77,93,43,87,13
2020-04-30,482,600,217,593,130,45,65,35,67,11,58,74,31,79,12
2020-05-01,450,497,240,622,78,45,55,24,77,8,70,66,33,81,13
2020-05-02,263,263,138,333,61,49,45,22,61,12,50,53,23,64,18
2020-05-03,153,245,103,251,35,27,45,35,55,15,44,58,33,69,13
2020-05-04,349,461,214,437,89,34,42,19,55,8,58,72,38,59,14
2020-05-05,294,432,242,462,82,26,49,18,46,12,64,66,25,49,11
2020-05-06,279,450,165,443,60,29,38,17,59,8,56,62,27,54,14
2020-05-07,298,403,119,358,60,28,46,23,40,4,43,52,18,51,13
2020-05-08,250,344,99,344,42,22,43,12,48,5,41,52,20,42,11
2020-05-09,175,119,75,256,32,21,28,14,33,3,31,38,12,33,9
2020-05-10,75,188,95,85,14,12,26,19,37,8,24,36,22,18,5
2020-05-11,226,410,192,376,27,27,32,14,27,3,46,49,23,58,4
2020-05-12,355,400,163,314,53,20,33,14,18,6,26,38,13,26,10
2020-05-13,461,362,156,307,47,16,23,8,30,6,27,46,18,27,12
2020-05-14,255,332,149,332,42,11,14,16,23,6,26,38,23,44,11
2020-05-15,181,259,135,265,33,15,27,11,27,6,25,43,23,31,7
2020-05-16,108,165,51,136,25,26,23,10,21,2,17,30,11,30,3
2020-05-17,56,138,50,106,10,19,19,11,25,2,23,18,7,27,5
2020-05-18,187,266,128,275,38,11,17,7,22,2,21,28,23,33,6
2020-05-19,182,327,165,287,42,12,16,10,12,5,26,38,19,25,6
2020-05-20,278,323,164,256,56,15,21,12,24,7,17,32,11,16,5
2020-05-21,199,336,145,311,78,11,15,6,9,3,20,30,9,19,5
2020-05-22,264,350,153,237,32,13,15,5,27,5,25,33,14,26,4
2020-05-23,90,143,47,138,37,17,20,7,14,2,18,23,9,21,4
2020-05-24,101,161,69,121,15,13,12,5,13,5,19,22,21,19,5
2020-05-25,103,160,69,116,16,8,14,12,11,2,25,20,11,20,3
2020-05-26,283,313,127,269,58,9,11,6,9,1,22,20,9,21,4
2020-05-27,184,242,107,165,43,9,10,9,18,2,18,19,11,24,3
2020-05-28,119,219,97,181,30,12,12,3,9,1,14,26,11,21,7
2020-05-29,164,161,74,212,27,6,16,5,14,2,20,22,11,28,3
2020-05-30,82,101,38,110,15,13,10,12,16,1,14,18,6,14,2
2020-05-31,30,84,25,79,12,6,11,4,16,2,13,17,9,21,0
2020-06-01,158,250,77,158,43,3,9,3,15,3,17,34,13,15,2
2020-06-02,123,178,72,163,34,8,6,7,15,1,12,23,9,14,6
2020-06-03,116,131,75,148,45,11,13,7,9,2,16,28,7,19,3
2020-06-04,127,127,86,148,29,4,10,8,9,2,15,28,10,21,1
2020-06-05,108,131,52,103,8,9,6,7,4,1,9,17,8,18,1
2020-06-06,50,58,33,99,7,12,11,1,10,0,10,10,6,14,2
2020-06-07,43,52,24,74,4,7,6,0,10,1,13,18,9,10,4
2020-06-08,96,111,75,146,19,10,13,2,13,0,9,20,9,20,2
2020-06-09,84,119,66,131,19,6,6,7,9,2,14,23,11,13,4
2020-06-10,75,99,67,108,14,9,11,1,9,2,14,17,14,17,3
2020-06-11,66,113,54,114,16,6,4,2,8,1,11,14,8,15,1
2020-06-12,80,122,58,131,18,4,6,3,9,0,13,21,5,10,3
2020-06-13,47,50,23,74,2,5,4,3,2,1,4,11,5,14,1
2020-06-14,27,53,28,68,4,7,6,2,5,2,12,14,5,16,0
2020-06-15,81,103,55,123,18,5,4,3,5,2,14,22,5,11,0
2020-06-16,80,132,67,120,20,2,5,2,7,0,12,23,6,19,1
2020-06-17,68,115,65,92,16,2,6,3,9,0,11,15,6,17,0
2020-06-18,60,112,58,123,25,1,4,4,5,1,9,16,6,24,1
2020-06-19,82,91,56,123,9,3,3,4,3,2,11,23,2,8,1
2020-06-20,53,46,44,54,6,4,3,2,5,2,5,10,3,8,0
2020-06-21,25,55,25,58,9,5,6,3,7,1,6,16,7,13,2
2020-06-22,92,110,63,119,18,2,5,1,8,2,12,16,8,10,2
2020-06-23,73,95,76,121,16,5,4,4,4,0,7,17,5,13,2
2020-06-24,90,101,73,103,14,2,6,2,7,1,7,19,7,15,4
2020-06-25,65,81,46,78,28,4,4,2,4,1,13,10,5,12,3
2020-06-26,66,95,63,77,16,3,3,6,4,1,8,14,4,5,2
2020-06-27,26,70,37,60,13,1,7,2,1,1,10,20,6,6,1
2020-06-28,35,57,41,57,11,3,1,3,4,0,6,11,3,12,0
2020-06-29,75,127,80,132,23,3,4,1,5,3,7,21,4,14,1
2020-06-30,77,127,94,114,29,2,2,2,5,0,8,17,8,10,2
2020-07-01,59,121,83,94,39,1,3,1,3,1,8,12,7,12,0
2020-07-02,76,127,79,117,17,0,3,8,2,3,10,13,8,14,0
2020-07-03,41,72,48,64,8,5,3,0,3,0,4,14,7,4,1
2020-07-04,21,23,32,32,12,1,3,0,0,1,4,8,8,9,1
2020-07-05,20,53,32,38,12,4,1,2,1,0,6,5,6,12,0
2020-07-06,68,142,76,117,28,2,2,1,2,0,8,18,7,19,2
2020-07-07,112,123,88,106,32,1,2,2,1,0,20,6,8,12,1
2020-07-08,83,121,120,88,25,3,2,2,4,2,8,12,8,4,2
2020-07-09,91,104,85,94,18,1,4,0,0,0,17,11,6,11,1
2020-07-10,65,90,48,91,13,3,1,0,1,0,9,17,1,15,3
2020-07-11,40,73,47,86,13,1,2,2,3,0,6,14,5,9,0
2020-07-12,44,55,42,69,13,0,2,0,2,0,7,10,3,6,0
2020-07-13,108,123,79,138,35,5,1,3,4,0,11,15,7,11,5
2020-07-14,70,111,81,121,19,2,4,1,3,0,11,9,8,15,0
2020-07-15,107,150,70,91,22,2,2,1,7,0,9,21,3,10,1
2020-07-16,94,90,83,109,35,1,1,1,3,0,13,7,4,7,3
2020-07-17,75,106,104,106,22,1,0,2,6,0,7,14,11,17,1
2020-07-18,54,58,36,49,19,1,4,2,2,0,6,6,5,8,1
2020-07-19,39,41,33,46,17,1,3,3,0,0,7,11,2,16,2
2020-07-20,95,87,81,109,32,1,3,2,1,0,12,11,5,7,3
2020-07-21,71,79,70,100,21,2,3,0,1,0,5,9,2,6,2
2020-07-22,79,95,58,76,20,2,1,0,3,0,8,14,5,11,2
2020-07-23,69,85,65,63,27,0,3,0,4,0,4,7,10,7,5
2020-07-24,73,68,54,76,28,1,1,0,2,1,12,12,4,11,1
2020-07-25,25,35,34,46,13,5,2,1,2,0,8,12,3,8,4
2020-07-26,30,40,18,33,19,1,4,0,2,0,6,6,6,5,2
2020-07-27,58,78,72,79,26,1,1,1,0,0,11,11,5,10,1
2020-07-28,58,106,58,73,18,5,1,2,4,0,7,18,2,7,4
2020-07-29,80,73,54,67,13,1,1,0,1,1,5,12,6,5,2
2020-07-30,58,99,44,61,12,1,2,1,0,0,6,15,3,11,2
2020-07-31,55,80,51,58,18,1,1,0,1,0,8,8,9,6,3
2020-08-01,37,58,33,54,7,2,3,0,1,0,5,15,4,1,2
2020-08-02,30,38,26,33,8,0,1,0,0,0,5,9,3,12,4
2020-08-03,96,93,56,84,19,1,0,0,1,0,13,12,6,8,1
2020-08-04,47,49,38,46,7,1,0,1,1,0,11,12,2,6,1
2020-08-05,66,90,47,80,15,0,0,2,3,0,9,14,3,12,0
2020-08-06,65,86,53,66,18,1,2,1,1,0,8,12,4,7,3
2020-08-07,53,90,49,57,6,0,0,0,2,0,7,9,4,3,0
2020-08-08,30,57,23,43,7,0,1,3,0,0,7,8,0,5,1
2020-08-09,19,48,18,36,12,1,0,0,2,0,8,9,2,6,1
2020-08-10,89,75,49,77,22,1,1,1,2,0,10,14,6,9,2
2020-08-11,70,82,42,51,18,0,1,2,1,0,10,9,0,2,4
2020-08-12,59,114,43,86,18,1,0,0,0,0,7,7,6,11,0
2020-08-13,61,86,50,67,12,1,1,0,0,0,9,13,7,10,0
2020-08-14,68,80,44,69,16,1,0,0,0,1,6,11,5,14,2
2020-08-15,42,33,25,42,9,2,1,1,0,0,6,7,3,5,2
2020-08-16,23,49,22,39,7,2,1,0,2,0,10,5,0,5,1
2020-08-17,71,96,57,95,14,0,1,1,2,1,9,5,4,15,0
2020-08-18,55,66,61,87,14,1,0,0,0,0,14,9,2,12,2
2020-08-19,50,69,51,69,18,0,1,0,0,0,5,14,8,7,1
2020-08-20,64,56,33,54,20,2,3,0,1,0,14,8,4,10,1
2020-08-21,52,75,51,60,14,0,0,0,3,0,9,9,4,9,0
2020-08-22,29,36,30,34,7,0,2,1,2,1,6,6,7,7,1
2020-08-23,32,55,16,40,7,2,0,1,0,0,3,7,2,11,0
2020-08-24,64,85,49,84,15,5,1,1,0,1,14,9,6,5,2
2020-08-25,64,84,54,69,12,1,2,0,0,0,10,14,7,8,1
2020-08-26,64,117,50,66,16,1,0,2,3,0,5,14,2,5,2
2020-08-27,53,99,48,61,13,1,0,0,0,0,8,9,2,10,2
2020-08-28,77,78,52,52,21,2,0,1,1,0,4,9,1,7,1
2020-08-29,28,38,23,32,7,1,1,0,0,0,7,9,2,4,1
2020-08-30,20,62,37,42,25,2,1,0,1,0,2,5,3,6,4
2020-08-31,46,118,52,77,22,1,0,0,0,0,9,14,6,12,1
2020-09-01,52,89,55,73,24,1,0,0,1,1,5,9,1,5,1
2020-09-02,42,94,48,69,17,0,2,1,1,0,4,14,1,10,0
2020-09-03,40,91,35,90,17,0,2,0,0,0,2,7,1,7,1
2020-09-04,44,71,30,59,26,1,1,1,2,0,10,8,2,9,2
2020-09-05,30,46,22,34,24,0,3,0,0,0,5,10,2,5,0
2020-09-06,18,87,27,62,13,2,1,1,2,0,4,15,3,8,1
2020-09-07,32,75,40,52,18,0,0,0,0,0,2,7,2,6,2
2020-09-08,81,126,58,98,30,1,1,0,0,0,8,8,3,6,1
2020-09-09,56,119,71,82,25,1,0,0,1,0,6,11,3,10,1
2020-09-10,45,124,57,70,27,1,1,0,1,0,2,9,4,7,3
2020-09-11,55,111,54,77,16,2,2,0,0,0,9,9,5,7,2
2020-09-12,35,51,36,61,19,1,0,0,3,0,2,3,1,4,1
2020-09-13,19,118,45,68,13,0,2,0,1,0,2,8,1,5,1
2020-09-14,75,178,77,105,26,1,2,0,2,0,4,15,6,5,2
2020-09-15,62,189,65,81,18,2,0,0,1,0,10,6,4,8,1
2020-09-16,60,200,84,94,18,1,0,1,3,1,7,24,4,10,1
2020-09-17,61,163,88,104,25,1,1,0,1,0,10,13,4,5,2
2020-09-18,45,108,46,69,24,1,2,0,0,0,10,15,5,7,0
2020-09-19,30,66,48,60,13,1,2,1,1,0,3,6,4,7,1
2020-09-20,32,78,46,43,21,0,3,1,1,0,8,9,3,3,1
2020-09-21,73,264,75,122,24,1,1,1,0,0,8,13,0,6,2
2020-09-22,67,209,88,107,26,0,3,0,0,0,7,12,2,13,0
2020-09-23,89,271,100,115,37,1,1,1,0,1,5,24,2,7,0
2020-09-24,71,263,82,100,26,0,0,2,0,0,7,15,6,11,3
2020-09-25,49,192,69,125,28,2,1,1,1,0,8,20,6,11,1
2020-09-26,42,109,35,61,33,3,1,0,1,0,5,7,3,9,2
2020-09-27,32,181,35,106,28,0,2,0,0,0,5,19,2,8,3
2020-09-28,82,139,58,110,47,1,1,0,1,0,7,12,3,14,2
2020-09-29,65,355,95,175,33,2,2,0,2,0,7,18,9,13,3
2020-09-30,52,284,93,135,41,2,4,1,0,1,1,33,8,9,0
2020-10-01,82,332,120,145,26,0,1,0,4,0,7,22,5,6,1
2020-10-02,80,271,78,140,36,0,1,0,2,0,5,26,3,13,2
2020-10-03,34,93,57,98,17,1,1,0,2,1,1,12,4,5,3
2020-10-04,34,162,29,84,26,0,3,0,3,1,4,22,3,11,4
2020-10-05,94,355,84,196,37,0,0,0,0,0,10,24,2,17,2
2020-10-06,67,251,79,145,29,0,2,0,1,0,5,23,8,11,1
2020-10-07,75,223,74,132,37,1,1,1,1,0,9,22,5,10,0
2020-10-08,83,218,80,112,33,0,3,0,2,0,8,20,7,8,4
2020-10-09,92,184,74,143,31,1,0,0,1,0,6,29,4,13,3
2020-10-10,36,96,46,99,36,1,0,0,2,1,3,18,5,7,5
2020-10-11,38,115,29,85,14,2,2,2,1,0,12,20,5,11,1
2020-10-12,53,223,85,116,37,1,1,4,1,1,3,29,7,13,0
2020-10-13,91,224,100,128,45,0,3,0,2,0,9,18,2,16,5
2020-10-14,89,215,86,159,33,2,3,0,1,0,4,23,6,20,5
2020-10-15,91,239,90,143,40,1,2,2,3,0,13,33,5,20,3
2020-10-16,78,163,91,132,38,1,3,1,1,0,9,19,5,12,4
2020-10-17,64,91,61,110,39,1,3,0,1,0,7,9,4,9,6
2020-10-18,45,172,39,123,33,2,1,0,0,1,5,17,4,11,3
2020-10-19,107,204,101,178,36,0,6,0,0,1,10,26,11,18,4
2020-10-20,91,214,104,154,38,0,2,0,3,0,9,33,9,19,4
2020-10-21,96,203,118,188,49,0,3,1,0,1,9,19,4,12,8
2020-10-22,122,242,137,182,76,0,2,0,1,0,9,14,10,16,4
2020-10-23,115,199,78,161,48,1,0,1,1,1,9,24,6,18,3
2020-10-24,73,120,58,103,32,0,0,0,1,0,8,24,5,6,4
2020-10-25,67,128,48,87,32,2,3,2,1,1,8,23,3,7,3
2020-10-26,132,221,118,154,69,0,2,1,1,0,9,13,7,22,5
2020-10-27,119,237,129,180,76,3,3,2,1,0,8,25,4,6,3
2020-10-28,124,231,135,203,90,0,3,0,0,1,8,16,4,14,3
2020-10-29,100,192,117,156,56,0,2,1,1,0,11,22,9,12,5
2020-10-30,115,192,102,168,77,1,4,2,1,2,11,18,5,20,6
2020-10-31,65,117,52,117,52,0,2,0,2,0,7,18,5,13,5
2020-11-01,57,231,66,102,45,0,9,0,2,1,8,19,10,11,8
2020-11-02,159,337,144,220,93,1,7,1,1,0,14,22,7,18,3
2020-11-03,153,319,158,181,92,2,6,2,2,0,11,29,12,18,5
2020-11-04,187,312,199,277,138,0,7,0,1,1,13,28,10,12,6
2020-11-05,198,312,212,306,111,3,4,0,2,0,14,28,14,20,9
2020-11-06,192,238,179,297,131,4,2,0,3,1,9,20,14,20,1
2020-11-07,134,224,148,250,89,1,5,2,4,1,16,12,6,23,3
2020-11-08,106,224,133,226,99,2,3,0,2,1,11,20,7,16,11
2020-11-09,240,418,268,417,202,0,1,0,4,0,18,28,8,21,5
2020-11-10,274,459,311,408,146,2,2,2,1,0,19,30,9,22,9
2020-11-11,239,394,290,448,169,1,2,3,2,1,23,13,17,28,18
2020-11-12,248,383,300,406,164,4,6,2,2,2,19,21,10,19,11
2020-11-13,272,356,263,430,173,1,2,1,1,1,20,32,9,20,12
2020-11-14,193,238,159,324,111,1,5,1,1,1,25,31,11,23,11
2020-11-15,135,232,134,243,152,2,6,1,1,4,14,25,13,28,12
2020-11-16,314,496,332,503,187,0,1,4,1,2,24,34,15,44,10
2020-11-17,337,493,288,422,190,1,3,0,4,2,21,29,13,31,8
2020-11-18,307,467,336,446,197,0,4,0,4,2,24,40,13,30,13
2020-11-19,362,491,347,457,200,1,6,1,1,0,22,37,15,38,20
2020-11-20,328,435,328,458,224,2,2,0,1,1,24,40,18,36,17
2020-11-21,254,354,196,325,161,1,3,3,0,4,18,26,14,41,20
2020-11-22,183,340,159,287,178,4,1,0,4,1,15,39,14,30,19
2020-11-23,437,575,411,605,289,0,7,1,4,1,33,38,16,38,25
2020-11-24,376,553,372,535,238,2,2,5,4,3,19,39,12,42,19
2020-11-25,425,632,384,635,295,2,4,2,1,4,25,42,12,42,20
2020-11-26,137,246,138,204,92,1,3,1,0,2,26,41,27,43,19
2020-11-27,387,603,386,650,273,1,3,2,4,5,24,45,24,38,27
2020-11-28,333,453,329,509,215,4,3,3,2,1,21,33,19,42,12
2020-11-29,244,562,299,506,280,3,3,1,4,4,31,43,19,48,23
2020-11-30,460,899,424,734,378,5,4,1,6,2,41,41,33,60,14
2020-12-01,589,948,551,858,363,1,3,2,5,9,44,46,21,64,25
2020-12-02,540,861,502,843,384,4,10,2,6,4,26,52,23,51,23
2020-12-03,523,847,455,783,337,0,4,7,4,3,47,60,19,57,35
2020-12-04,562,768,402,757,328,5,6,2,7,6,36,60,22,41,23
2020-12-05,325,506,210,597,249,3,6,2,8,4,30,43,27,58,20
2020-12-06,249,556,216,517,216,2,4,2,11,2,36,50,19,47,22
2020-12-07,554,965,449,967,370,2,7,2,6,2,45,58,27,61,32
2020-12-08,496,923,450,900,291,4,8,1,5,4,39,70,35,56,22
2020-12-09,528,913,496,851,318,4,9,2,7,4,57,77,46,62,37
2020-12-10,571,940,463,897,277,7,2,5,9,2,44,75,28,72,27
2020-12-11,501,837,493,880,266,3,8,2,10,7,58,62,32,68,23
2020-12-12,392,600,297,699,218,5,9,2,9,8,38,61,28,59,23
2020-12-13,311,646,297,676,248,4,5,7,4,6,40,58,32,78,19
2020-12-14,614,1111,500,1005,350,4,6,3,13,4,52,80,36,79,19
2020-12-15,634,1065,551,1092,339,2,11,4,9,6,41,78,40,62,17
2020-12-16,445,842,454,811,236,8,15,3,9,4,46,69,21,65,13
2020-12-17,266,649,336,489,186,7,7,6,10,5,48,70,30,64,20
2020-12-18,619,1024,521,928,335,7,13,3,12,4,67,79,37,71,20
2020-12-19,405,764,331,797,260,5,9,4,8,4,46,69,32,73,19
2020-12-20,292,768,295,698,293,4,5,7,7,7,42,83,32,68,22
2020-12-21,717,1307,598,1287,429,5,7,10,16,3,64,99,58,91,20
2020-12-22,732,1251,549,1207,364,8,16,7,12,10,54,88,50,71,24
2020-12-23,635,1100,525,1185,399,7,13,7,7,5,49,115,43,74,23
2020-12-24,503,965,433,874,241,6,9,5,15,4,49,96,37,81,13
2020-12-25,154,345,153,298,96,5,12,6,8,7,43,85,50,76,13
2020-12-26,537,1024,427,1072,393,8,9,7,11,2,43,89,34,79,21
2020-12-27,480,915,314,867,312,4,16,9,7,9,34,90,31,68,19
2020-12-28,1020,1601,679,1531,562,8,13,4,11,6,66,107,55,108,20
2020-12-29,993,1415,613,1602,584,9,14,8,9,9,63,88,57,98,19
2020-12-30,968,1398,661,1493,465,4,16,5,11,4,69,96,41,93,18
2020-12-31,665,936,396,1008,387,4,21,3,10,3,55,90,41,81,20
2021-01-01,206,416,163,434,122,9,16,2,5,3,59,82,36,94,27
2021-01-02,723,1107,519,1341,509,13,18,5,13,8,55,97,48,100,26
2021-01-03,514,1065,396,1092,400,8,11,5,10,5,53,95,36,102,15
2021-01-04,1257,1896,917,1879,658,9,24,6,14,8,65,139,62,116,29
2021-01-05,1166,1759,892,1822,518,12,22,9,18,5,72,101,53,103,24
2021-01-06,1109,1606,758,1687,525,12,19,2,20,6,71,113,44,122,31
2021-01-07,982,1640,799,1572,452,4,18,13,10,7,65,110,35,121,28
2021-01-08,985,1455,780,1602,481,9,15,9,19,8,63,115,33,119,26
2021-01-09,677,1009,447,1190,371,15,20,11,19,4,61,94,35,112,29
2021-01-10,462,1008,366,1020,344,9,17,3,19,4,52,87,48,98,27
2021-01-11,1143,1754,845,1704,469,8,12,6,30,2,88,127,55,109,28
2021-01-12,999,1615,671,1539,415,8,30,9,21,5,89,125,49,103,31
2021-01-13,1045,1534,695,1529,378,4,22,6,28,6,94,128,60,113,33
2021-01-14,995,1557,748,1539,419,6,22,7,25,5,78,136,62,121,33
2021-01-15,934,1402,663,1496,356,12,10,12,19,9,72,128,48,110,32
2021-01-16,607,1073,444,1060,297,12,20,5,27,2,69,106,53,121,25
2021-01-17,502,904,395,862,256,7,24,6,16,2,70,103,55,87,23
2021-01-18,768,1462,601,1435,379,17,22,8,20,6,97,143,54,119,32
2021-01-19,1085,1476,723,1520,337,11,28,11,26,6,73,117,63,114,24
2021-01-20,1038,1353,727,1439,352,6,27,9,25,7,83,107,49,115,18
2021-01-21,962,1405,723,1502,350,11,20,12,16,4,87,121,63,121,25
2021-01-22,1062,1324,707,1291,330,11,31,9,24,4,98,127,57,120,29
2021-01-23,682,1012,500,1022,245,12,28,9,19,10,75,93,53,82,21
2021-01-24,507,908,413,923,179,9,20,9,23,7,76,99,49,91,20
2021-01-25,1177,1762,876,1634,365,10,19,11,17,7,100,111,64,110,18
2021-01-26,1005,1420,765,1389,285,9,30,12,26,2,82,99,51,117,21
2021-01-27,991,1504,823,1408,279,11,30,23,21,5,87,130,57,124,28
2021-01-28,967,1432,755,1367,271,20,16,16,27,7,106,113,52,104,16
2021-01-29,733,1099,530,1073,234,19,26,9,28,6,84,128,68,113,16
2021-01-30,557,874,359,922,164,14,27,9,24,4,58,77,47,73,18
2021-01-31,548,883,334,912,218,7,27,9,24,6,63,97,38,89,17
2021-02-01,169,344,189,234,44,12,22,5,22,3,83,82,41,70,13
2021-02-02,434,873,441,769,142,13,29,7,21,6,89,141,58,97,18
2021-02-03,1093,1505,823,1403,321,15,19,14,21,7,95,147,69,107,18
2021-02-04,1070,1388,705,1404,285,20,26,15,26,3,86,142,74,120,14
2021-02-05,953,1245,537,1181,242,13,32,12,20,4,101,137,68,114,20
2021-02-06,719,900,389,892,180,12,26,9,23,7,81,90,66,97,22
2021-02-07,324,567,202,453,99,21,18,14,22,3,84,103,38,75,10
2021-02-08,972,1345,610,1237,267,18,24,16,18,5,96,124,60,91,19
2021-02-09,874,1090,518,1008,245,9,25,12,21,3,95,107,57,112,26
2021-02-10,868,1061,569,1007,274,21,20,9,23,5,83,116,43,91,22
2021-02-11,725,931,550,978,228,22,30,13,26,5,64,109,51,85,15
2021-02-12,726,934,494,929,231,13,26,10,27,5,78,104,48,88,24
2021-02-13,420,671,276,707,135,14,25,12,25,5,70,73,42,87,9
2021-02-14,371,585,245,580,114,13,29,16,19,3,58,82,34,56,14
2021-02-15,527,860,366,874,234,15,28,13,22,4,71,95,47,89,16
2021-02-16,788,1110,611,1024,190,17,33,6,26,3,79,116,53,93,12
2021-02-17,772,1006,540,922,196,24,23,5,25,3,64,100,40,81,8
2021-02-18,383,591,411,554,110,8,20,8,16,2,52,77,38,81,10
2021-02-19,618,855,462,856,228,9,17,11,19,0,73,80,42,91,14
2021-02-20,510,681,346,786,172,20,19,9,14,7,71,88,41,86,10
2021-02-21,359,792,318,666,151,19,15,5,17,3,57,85,34,84,14
2021-02-22,752,1117,547,981,228,12,27,10,18,5,80,116,53,85,13
2021-02-23,731,1073,532,934,201,18,20,12,20,3,69,110,46,93,14
2021-02-24,713,1023,568,943,217,13,22,19,16,8,72,107,48,118,10
2021-02-25,715,1027,514,962,263,18,21,12,18,3,70,86,45,80,11
2021-02-26,676,943,517,889,216,12,15,18,22,4,55,98,54,105,15
2021-02-27,377,625,248,630,138,8,28,8,19,2,48,68,32,81,12
2021-02-28,329,734,252,573,150,11,23,10,23,2,55,86,28,69,6
2021-03-01,731,1174,531,1031,261,4,22,8,23,5,74,85,49,98,17
2021-03-02,562,936,495,860,255,10,15,5,18,5,55,80,48,69,21
2021-03-03,638,956,523,861,267,20,14,16,17,4,68,91,50,85,13
2021-03-04,575,935,495,860,251,10,14,10,21,5,70,99,51,67,10
2021-03-05,554,888,403,806,236,8,18,11,12,5,67,69,33,68,19
2021-03-06,330,594,259,688,172,13,13,12,15,3,43,66,36,83,13
2021-03-07,291,595,238,605,147,10,22,9,16,3,53,70,37,71,15
2021-03-08,625,1107,491,918,259,14,16,11,19,7,60,73,52,94,22
2021-03-09,581,1085,528,916,233,17,18,11,24,1,63,73,47,86,16
2021-03-10,562,958,518,908,259,17,19,7,16,4,57,95,36,81,13
2021-03-11,544,964,464,920,213,13,20,5,13,5,51,99,44,82,15
2021-03-12,573,937,486,965,244,15,26,13,17,1,61,91,36,91,14
2021-03-13,331,627,284,755,177,11,22,7,17,5,39,66,34,78,5
2021-03-14,249,644,224,662,149,8,15,3,12,1,42,82,30,86,11
2021-03-15,564,1063,449,1092,226,6,17,12,5,4,62,83,35,95,18
2021-03-16,570,986,492,935,213,14,19,8,18,5,44,79,40,73,15
2021-03-17,517,941,507,943,267,8,8,12,13,4,45,99,45,70,17
2021-03-18,499,857,446,889,232,11,17,11,16,3,55,100,32,94,24
2021-03-19,546,902,432,896,267,10,8,9,15,3,58,84,35,66,18
2021-03-20,334,660,270,737,160,4,16,9,16,4,53,88,30,73,17
2021-03-21,294,710,233,682,174,7,12,9,18,3,34,93,29,98,19
2021-03-22,654,1215,579,1116,317,15,19,6,11,3,54,99,48,105,23
2021-03-23,566,1027,471,939,253,8,16,10,16,4,60,92,33,84,16
2021-03-24,579,1048,526,1012,288,5,13,4,15,4,61,97,22,91,23
2021-03-25,638,1147,587,1130,296,13,24,10,20,3,52,107,30,98,25
2021-03-26,568,999,495,1044,309,12,23,5,18,6,60,104,36,82,28
2021-03-27,363,632,269,741,215,15,17,9,10,2,54,88,34,78,14
2021-03-28,254,574,224,546,152,10,15,7,19,6,36,61,19,76,16
2021-03-29,626,1043,485,1093,311,14,12,6,15,1,55,100,37,93,20
2021-03-30,593,938,472,936,247,6,15,2,17,2,61,84,35,65,20
2021-03-31,508,959,517,940,261,7,24,8,16,6,49,104,26,91,21
2021-04-01,501,861,446,831,227,14,18,6,16,3,49,101,36,65,14
2021-04-02,360,847,380,812,221,9,23,6,14,2,31,89,34,92,19
2021-04-03,314,638,233,664,201,8,18,6,16,0,46,78,27,73,12
2021-04-04,191,497,180,456,142,10,13,6,15,3,41,66,21,72,13
2021-04-05,505,1039,467,976,284,13,11,7,18,5,46,88,30,86,17
2021-04-06,500,933,463,863,245,8,15,4,15,4,56,74,27,67,7
2021-04-07,467,868,412,789,227,5,9,7,14,7,44,75,22,61,19
2021-04-08,417,813,322,788,236,14,20,7,10,3,38,72,26,71,11
2021-04-09,356,803,321,734,253,9,26,8,10,1,45,52,28,64,19
2021-04-10,231,564,196,583,150,6,13,7,19,3,34,61,25,58,12
2021-04-11,179,462,148,397,129,6,21,8,17,2,27,51,17,58,8
2021-04-12,404,853,332,743,205,7,16,5,12,1,39,58,32,64,12
2021-04-13,385,775,344,693,167,5,13,5,11,2,30,69,30,62,14
2021-04-14,349,722,319,637,214,7,11,6,10,1,36,66,25,52,13
2021-04-15,354,640,283,561,179,7,11,8,11,5,45,65,28,65,17
2021-04-16,259,595,226,565,184,2,14,2,10,2,31,76,21,55,15
2021-04-17,209,411,129,412,115,4,17,5,8,1,25,59,16,55,10
2021-04-18,164,357,128,296,105,2,17,7,7,2,30,67,12,44,14
2021-04-19,287,641,231,543,182,5,15,5,12,4,30,58,20,55,16
2021-04-20,286,518,222,434,146,4,13,2,12,2,26,61,19,39,11
2021-04-21,209,513,181,388,132,2,12,4,17,0,15,43,11,35,13
2021-04-22,226,489,142,375,127,5,17,4,11,3,40,49,13,47,10
2021-04-23,217,438,130,369,134,12,11,6,15,2,23,51,19,46,14
2021-04-24,125,308,87,255,79,3,10,6,9,1,21,30,12,29,9
2021-04-25,95,270,75,245,69,5,6,2,9,2,22,36,17,41,4
2021-04-26,226,498,167,358,122,5,16,2,7,1,30,50,16,43,7
2021-04-27,204,391,145,301,97,5,10,5,9,2,17,45,8,37,9
2021-04-28,190,418,129,362,111,4,12,4,10,0,18,44,19,36,9
2021-04-29,154,392,150,267,90,7,8,3,13,1,20,42,18,27,9
2021-04-30,171,322,103,274,80,5,14,5,11,3,16,33,11,28,3
2021-05-01,86,190,63,181,58,4,10,5,10,2,13,23,13,26,3
2021-05-02,73,220,50,165,60,1,13,3,10,2,14,22,8,16,12
2021-05-03,151,316,127,268,72,4,6,4,5,4,17,29,11,29,4
2021-05-04,156,297,103,239,81,4,9,1,6,6,12,46,11,23,6
2021-05-05,141,243,107,224,61,7,8,4,6,1,15,25,9,26,6
2021-05-06,133,268,100,230,54,3,10,6,7,1,10,22,16,30,5
2021-05-07,137,225,80,193,80,4,10,3,14,4,13,29,9,16,5
2021-05-08,61,121,41,123,38,1,12,4,5,2,11,25,11,16,2
2021-05-09,53,106,48,110,26,5,9,3,8,1,9,18,9,23,1
2021-05-10,130,207,89,178,50,6,8,3,8,0,18,17,9,24,2
2021-05-11,90,216,70,188,64,2,6,7,4,2,15,18,8,24,5
2021-05-12,109,196,68,154,66,1,8,2,5,2,9,25,11,15,4
2021-05-13,93,147,75,151,49,4,7,3,8,1,12,22,7,22,4
2021-05-14,77,145,58,160,46,5,9,3,10,1,16,14,10,24,5
2021-05-15,46,94,33,99,20,2,3,1,4,0,7,21,2,8,4
2021-05-16,48,99,31,84,18,1,7,2,5,1,3,19,4,14,1
2021-05-17,79,151,72,114,37,4,7,0,5,0,11,22,10,24,5
2021-05-18,71,138,60,102,44,2,5,3,4,0,10,16,6,18,2
2021-05-19,74,129,41,106,27,4,7,1,1,1,14,20,8,12,3
2021-05-20,67,134,51,111,33,2,6,3,0,3,12,31,7,12,3
2021-05-21,54,115,48,105,27,2,5,2,3,1,11,11,9,15,6
2021-05-22,35,81,28,68,21,0,5,2,8,2,6,13,4,13,2
2021-05-23,29,63,17,55,23,2,3,0,4,2,4,19,6,13,4
2021-05-24,57,105,51,95,47,0,6,1,3,0,7,9,4,14,1
2021-05-25,48,102,37,81,37,2,1,0,3,0,3,19,5,15,0
2021-05-26,44,81,40,74,10,1,0,1,1,1,4,12,3,10,4
2021-05-27,56,62,39,67,33,1,3,2,1,2,11,11,10,12,3
2021-05-28,36,67,23,66,18,1,3,2,3,3,7,16,5,6,1
2021-05-29,22,32,23,40,9,1,3,0,5,0,6,4,4,11,0
2021-05-30,25,34,16,29,14,2,5,0,1,0,4,14,5,3,1
2021-05-31,15,35,20,38,10,3,2,3,4,0,8,2,3,4,1
2021-06-01,72,59,52,76,30,1,8,2,1,0,5,14,4,10,2
2021-06-02,52,70,33,68,21,1,4,1,5,0,6,15,4,14,5
2021-06-03,45,62,24,61,14,0,4,1,3,2,0,15,3,9,2
2021-06-04,57,66,34,43,25,1,2,1,3,0,6,10,4,3,2
2021-06-05,41,44,17,29,12,0,3,0,2,1,3,3,3,4,3
2021-06-06,24,35,23,33,15,1,2,1,1,0,8,8,2,4,2
2021-06-07,57,64,32,46,19,2,0,0,4,0,8,12,1,8,3
2021-06-08,38,55,27,39,17,0,3,1,4,2,11,7,6,10,1
2021-06-09,56,58,40,40,17,1,5,0,3,0,8,9,1,4,1
2021-06-10,33,46,30,35,12,1,1,1,3,0,6,8,3,6,2
2021-06-11,40,44,38,52,15,1,2,1,3,0,5,5,5,6,2
2021-06-12,25,28,14,39,15,2,1,1,1,0,6,4,3,6,2
2021-06-13,18,35,19,31,12,2,1,2,1,0,4,12,2,10,3
2021-06-14,38,54,29,49,12,1,4,0,1,1,6,12,2,5,1
2021-06-15,30,37,36,57,19,0,3,1,1,1,8,8,1,4,4
2021-06-16,29,46,31,41,26,1,2,4,0,0,6,5,5,7,2
2021-06-17,36,52,26,51,23,3,3,2,1,0,10,9,2,7,1
2021-06-18,19,59,15,47,20,1,3,1,1,2,2,7,4,5,1
2021-06-19,18,29,22,24,14,0,3,1,5,2,4,2,1,3,3
2021-06-20,15,33,14,25,9,0,4,0,1,0,4,10,2,7,2
2021-06-21,27,40,25,50,26,1,0,0,2,0,7,9,4,5,5
2021-06-22,22,50,33,49,17,1,2,1,3,0,3,7,3,14,7
2021-06-23,27,48,39,48,24,1,1,0,3,0,3,11,3,6,1
2021-06-24,18,51,30,47,29,1,3,0,1,0,1,8,1,2,2
2021-06-25,12,61,28,55,24,1,2,1,0,1,4,8,2,4,0
2021-06-26,11,37,15,31,24,0,2,1,0,0,4,7,2,2,3
2021-06-27,17,28,19,23,22,0,0,0,1,0,3,6,3,10,0
2021-06-28,29,49,45,53,30,0,1,1,2,2,3,8,5,8,3
2021-06-29,32,53,42,51,35,1,2,0,1,0,1,8,4,8,0
2021-06-30,30,75,43,51,27,0,2,1,1,0,3,6,4,6,1
2021-07-01,27,63,29,52,33,0,2,0,2,0,3,10,3,7,8
2021-07-02,32,60,61,58,21,1,0,1,4,0,6,13,5,8,5
2021-07-03,18,41,29,33,25,1,2,1,2,0,3,5,5,5,4
2021-07-04,14,32,25,34,19,0,2,0,1,0,1,9,5,7,2
2021-07-05,20,62,32,53,20,1,0,0,1,0,3,5,3,4,1
2021-07-06,48,125,77,80,32,2,1,0,0,0,3,8,3,5,5
2021-07-07,49,147,72,88,44,2,0,0,0,0,2,9,3,7,2
2021-07-08,51,110,80,81,46,1,0,1,0,0,4,8,3,5,3
2021-07-09,56,111,84,88,32,0,1,0,0,1,5,8,7,13,2
2021-07-10,37,63,49,59,30,0,1,0,1,0,2,6,3,9,0
2021-07-11,33,79,53,78,25,1,2,0,0,1,8,6,2,11,1
2021-07-12,70,176,86,110,35,1,0,0,3,0,7,10,2,5,0
2021-07-13,43,152,101,97,64,2,1,0,0,0,6,7,3,8,3
2021-07-14,59,185,143,115,46,0,2,0,0,0,11,13,7,14,2
2021-07-15,71,171,128,129,54,0,1,0,3,1,2,9,6,9,2
2021-07-16,73,183,121,117,61,0,0,2,2,1,7,17,3,10,1
2021-07-17,59,109,60,77,35,2,0,1,3,0,11,8,5,9,6
2021-07-18,36,141,83,106,29,0,1,0,1,0,6,19,4,6,4
2021-07-19,110,276,176,171,78,1,3,0,1,0,9,19,8,16,3
2021-07-20,94,233,162,146,75,1,2,0,1,0,7,21,8,14,4
2021-07-21,128,309,198,197,63,0,0,0,0,1,9,13,6,15,5
2021-07-22,136,326,226,196,88,0,0,1,1,1,15,17,6,11,4
2021-07-23,127,319,200,214,55,0,0,2,1,0,9,18,6,15,5
2021-07-24,58,188,111,141,54,0,2,0,0,0,5,13,7,11,5
2021-07-25,68,214,119,168,67,0,0,1,1,2,8,10,7,12,4
2021-07-26,156,423,261,273,114,0,0,0,0,1,8,21,12,18,4
2021-07-27,141,406,253,296,103,1,1,1,1,1,16,23,7,18,7
2021-07-28,188,384,275,286,108,2,1,2,1,0,13,15,14,32,3
2021-07-29,174,444,234,318,119,0,1,2,4,0,11,21,14,18,13
2021-07-30,160,427,252,321,123,1,4,2,2,0,18,19,11,27,3
2021-07-31,126,263,152,214,95,0,3,1,0,0,8,29,7,20,7
2021-08-01,92,294,152,220,73,0,2,2,5,2,10,17,5,15,3
2021-08-02,237,518,303,388,122,0,2,1,1,0,8,25,9,26,6
2021-08-03,232,489,345,365,153,1,0,1,0,0,18,28,10,31,13
2021-08-04,215,522,330,382,165,1,5,0,1,1,12,37,9,18,13
2021-08-05,208,517,323,366,114,1,2,0,2,1,20,23,19,24,3
2021-08-06,211,520,286,418,141,0,5,4,2,1,18,40,16,28,11
2021-08-07,179,373,179,293,125,2,5,2,3,2,18,28,12,21,8
2021-08-08,156,321,162,301,131,1,2,0,1,2,19,25,16,29,10
2021-08-09,290,626,308,496,173,0,3,3,3,0,29,45,15,41,0
2021-08-10,265,536,306,408,152,0,4,1,0,1,37,33,16,29,6
2021-08-11,262,546,354,438,151,2,1,3,3,0,28,40,12,37,19
2021-08-12,232,578,324,451,172,2,1,3,0,0,21,37,19,32,15
2021-08-13,267,499,294,394,144,2,3,1,3,0,30,48,15,40,7
2021-08-14,146,348,206,253,96,1,4,1,3,1,18,29,11,20,16
2021-08-15,140,422,198,304,81,1,2,1,1,1,15,40,24,25,8
2021-08-16,329,628,352,479,144,1,2,1,0,2,27,44,15,42,7
2021-08-17,296,595,302,418,133,6,4,2,3,1,31,41,17,35,13
2021-08-18,273,555,362,461,163,1,4,0,5,3,24,32,16,24,12
2021-08-19,264,543,325,420,136,2,7,1,2,2,19,30,13,25,10
2021-08-20,284,505,296,349,125,0,3,0,3,0,35,34,18,25,11
2021-08-21,180,338,183,272,118,1,7,1,7,0,26,34,17,32,4
2021-08-22,104,276,98,156,84,3,5,0,0,2,23,32,16,28,6
2021-08-23,289,642,369,492,161,1,5,0,5,1,34,31,19,28,7
2021-08-24,300,613,349,405,168,3,3,1,2,2,18,39,15,32,5
2021-08-25,287,570,371,385,170,3,4,1,0,0,26,32,19,30,4
2021-08-26,252,525,325,389,150,2,4,2,2,3,25,34,11,31,8
2021-08-27,242,464,266,347,133,0,4,2,4,0,27,36,13,25,9
2021-08-28,173,295,153,252,112,1,7,1,4,1,13,26,14,30,3
2021-08-29,138,343,161,257,91,2,7,0,3,1,26,29,11,22,8
2021-08-30,306,583,375,392,182,1,4,1,6,1,31,37,13,32,8
2021-08-31,260,531,305,326,202,1,3,2,2,2,30,35,25,24,12
2021-09-01,225,487,348,360,140,3,2,2,6,0,28,32,21,37,9
2021-09-02,212,478,263,304,174,2,3,3,3,0,31,23,6,24,11
2021-09-03,216,429,248,331,197,3,3,1,0,1,17,26,11,22,4
2021-09-04,126,255,154,260,110,3,4,1,3,1,22,37,13,32,6
2021-09-05,138,334,158,214,110,3,3,3,3,1,16,24,10,16,7
2021-09-06,163,274,181,226,98,5,6,0,4,1,18,23,10,21,6
2021-09-07,285,434,307,373,171,4,2,0,1,0,18,33,25,27,7
2021-09-08,234,466,371,390,131,1,9,3,6,2,22,29,21,25,3
2021-09-09,241,630,313,400,129,3,3,3,8,1,38,27,11,19,8
2021-09-10,232,504,302,378,131,2,6,1,6,0,26,29,11,27,6
2021-09-11,139,335,170,288,104,1,8,0,5,1,13,29,12,22,8
2021-09-12,127,504,222,258,102,3,2,2,3,1,14,30,14,26,6
2021-09-13,223,633,370,391,122,3,4,1,2,2,15,35,24,21,9
2021-09-14,201,609,311,372,147,1,6,1,1,0,12,30,20,16,6
2021-09-15,234,550,320,353,153,0,5,0,4,1,13,36,7,29,11
2021-09-16,193,451,284,322,135,2,2,2,4,1,21,20,11,27,7
2021-09-17,174,559,322,365,104,2,6,1,1,1,12,28,19,26,5
2021-09-18,107,357,138,264,89,2,1,1,6,0,17,29,17,22,3
2021-09-19,140,464,161,213,79,2,9,1,4,0,8,25,13,14,9
2021-09-20,244,545,296,404,150,2,7,2,4,1,26,28,19,19,8
2021-09-21,202,397,284,325,95,1,4,2,6,0,18,25,14,23,5
2021-09-22,205,509,280,307,111,2,6,0,5,0,19,35,14,24,5
2021-09-23,139,513,223,324,90,2,2,1,5,2,16,42,11,21,9
2021-09-24,156,452,238,295,80,4,2,0,2,0,9,35,11,24,2
2021-09-25,100,309,131,191,82,3,5,1,5,1,15,25,5,21,4
2021-09-26,97,333,139,201,86,3,5,0,3,4,10,21,7,13,4
2021-09-27,185,518,254,323,110,5,4,3,5,0,16,29,7,20,4
2021-09-28,158,355,211,296,97,2,5,2,4,0,11,20,10,22,6
2021-09-29,150,369,211,269,96,1,3,1,6,2,16,24,8,13,4
2021-09-30,151,454,200,240,92,0,3,0,4,1,13,22,7,17,6
2021-10-01,134,408,213,256,76,1,2,1,3,1,17,29,8,31,2
2021-10-02,75,280,122,156,48,2,4,0,6,0,18,18,6,20,4
2021-10-03,67,458,95,217,69,3,4,3,2,0,11,28,10,16,2
2021-10-04,158,512,221,293,88,5,3,1,2,1,16,30,9,19,3
2021-10-05,168,507,224,267,105,1,1,0,3,1,10,29,14,14,5
2021-10-06,137,487,219,230,74,4,6,2,2,2,12,13,11,22,7
2021-10-07,121,406,181,273,98,3,2,3,4,1,15,13,8,20,6
2021-10-08,126,451,167,191,77,0,7,2,5,1,8,15,11,10,3
2021-10-09,67,250,95,145,55,0,3,1,4,0,14,26,10,13,4
2021-10-10,62,308,94,151,72,1,5,3,3,4,11,20,7,7,7
2021-10-11,108,363,173,224,67,1,1,0,6,1,9,16,10,15,5
2021-10-12,128,464,201,239,112,0,1,0,1,1,7,14,9,18,4
2021-10-13,122,409,227,237,115,1,2,0,5,1,14,27,14,14,8
2021-10-14,109,426,174,205,111,0,2,1,4,1,11,12,8,17,2
2021-10-15,112,322,164,207,81,2,3,0,3,0,11,12,14,20,4
2021-10-16,56,194,55,137,47,0,4,0,1,1,10,20,5,16,6
2021-10-17,49,260,80,131,66,2,3,1,3,0,2,28,8,9,2
2021-10-18,108,364,142,179,80,1,5,1,3,1,10,20,2,18,9
2021-10-19,93,314,136,172,83,1,3,2,3,1,11,17,8,11,3
2021-10-20,99,294,157,175,75,1,4,0,2,0,8,19,8,9,7
2021-10-21,85,341,132,166,87,2,3,1,6,1,6,18,3,18,6
2021-10-22,86,261,131,139,76,2,1,1,3,2,12,16,5,10,3
2021-10-23,55,162,94,79,61,1,4,0,5,0,7,15,6,10,6
2021-10-24,37,198,68,83,57,3,4,0,4,3,8,16,7,9,4
2021-10-25,94,363,168,187,82,2,5,0,2,0,5,13,4,11,2
2021-10-26,64,238,101,125,69,2,2,1,2,0,6,19,4,9,5
2021-10-27,100,288,146,153,71,0,5,1,3,0,8,18,7,14,2
2021-10-28,82,311,122,145,77,1,2,1,2,1,8,11,10,8,1
2021-10-29,87,230,123,145,56,1,0,1,2,0,6,8,8,8,3
2021-10-30,41,158,61,101,39,0,2,3,4,0,6,12,3,5,4
2021-10-31,47,199,59,109,32,0,0,1,5,1,5,8,8,8,3
2021-11-01,74,314,141,195,56,0,2,1,1,0,7,12,4,13,4
2021-11-02,79,302,173,191,60,1,3,0,2,3,11,18,4,10,7
2021-11-03,75,300,181,202,66,1,1,1,3,0,12,24,5,9,4
2021-11-04,108,349,208,187,53,0,3,0,0,1,6,14,2,15,3
2021-11-05,90,290,148,186,54,1,4,0,1,0,9,13,4,5,4
2021-11-06,57,198,74,136,42,1,2,0,4,4,11,15,4,8,3
2021-11-07,46,206,104,135,52,0,3,1,2,2,4,15,1,9,5
2021-11-08,140,401,230,270,93,2,1,1,3,1,13,15,2,8,6
2021-11-09,100,358,243,246,90,3,5,0,2,2,5,9,5,11,5
2021-11-10,122,363,237,256,68,0,2,1,2,1,12,16,4,12,2
2021-11-11,90,346,167,225,46,1,4,0,1,0,9,22,3,13,3
2021-11-12,109,372,201,256,89,2,6,1,2,3,8,17,6,12,0
2021-11-13,65,241,105,153,50,2,3,0,0,1,5,20,4,10,6
2021-11-14,47,258,142,169,70,2,1,0,1,1,3,17,4,12,4
2021-11-15,136,428,253,320,126,2,3,2,2,0,8,9,11,16,4
2021-11-16,151,430,286,303,100,2,1,1,4,2,7,8,9,13,6
2021-11-17,163,432,281,354,99,1,1,2,2,1,12,17,9,11,4
2021-11-18,172,428,297,318,95,2,3,0,3,0,13,20,2,16,4
2021-11-19,114,353,268,330,119,1,2,1,4,0,4,18,6,21,4
2021-11-20,71,279,143,253,81,2,3,1,4,0,8,17,6,13,3
2021-11-21,74,293,149,233,91,1,1,0,2,0,4,14,9,13,3
2021-11-22,152,518,297,413,148,0,3,0,2,1,12,15,6,18,5
2021-11-23,144,482,286,354,114,1,4,0,1,0,10,21,3,20,11
2021-11-24,160,460,255,386,155,2,6,1,2,1,16,17,11,16,8
2021-11-25,35,189,103,148,56,0,3,0,3,2,11,26,5,23,3
2021-11-26,142,364,198,352,114,1,2,1,4,1,15,19,10,23,10
2021-11-27,100,302,157,307,105,1,3,1,2,2,6,22,13,18,5
2021-11-28,89,318,191,333,128,2,1,0,6,0,9,14,6,24,4
2021-11-29,287,661,455,684,238,1,5,1,3,0,13,31,10,20,8
2021-11-30,278,578,395,574,179,0,3,0,2,1,20,22,10,33,6
2021-12-01,279,700,395,584,220,4,7,0,3,2,15,30,18,25,4
2021-12-02,307,629,396,561,214,3,6,1,3,1,15,33,13,23,7
2021-12-03,241,579,318,554,200,1,7,1,2,2,23,24,17,34,8
2021-12-04,172,382,186,412,169,2,4,1,3,0,17,30,14,20,4
2021-12-05,122,463,238,418,162,0,6,4,4,0,17,30,16,31,10
2021-12-06,365,849,580,749,253,2,3,1,2,0,23,58,16,38,6
2021-12-07,333,896,676,745,268,5,4,0,3,3,29,39,17,42,9
2021-12-08,339,982,808,738,263,2,1,0,4,0,26,50,19,48,5
2021-12-09,354,912,733,748,268,4,3,1,2,0,32,40,17,44,8
2021-12-10,345,983,729,776,253,2,7,1,6,0,44,49,26,40,15
2021-12-11,267,619,483,592,193,1,1,4,2,0,28,42,16,34,11
2021-12-12,258,870,790,661,213,5,7,0,4,1,27,46,15,41,11
2021-12-13,744,2390,2375,1575,440,1,6,2,9,2,37,58,36,61,11
2021-12-14,925,3421,4088,1940,498,1,6,3,5,3,39,65,40,56,10
2021-12-15,1093,4123,4933,2407,607,5,1,2,1,1,50,74,33,55,14
2021-12-16,1329,4515,4786,2619,610,2,4,3,1,2,95,101,56,77,16
2021-12-17,1509,4275,4279,2766,711,2,12,3,5,1,78,76,55,79,19
2021-12-18,1060,3243,2697,2329,613,2,7,3,5,1,51,99,43,70,20
2021-12-19,1072,3439,2714,2632,695,4,12,4,3,1,88,103,53,84,16
2021-12-20,3656,8935,7901,5991,1459,2,9,2,0,0,77,146,76,99,26
2021-12-21,4592,9447,7070,7461,1825,2,1,2,4,2,101,141,79,123,19
2021-12-22,5510,9453,6311,8161,1966,3,12,2,10,1,178,194,114,180,25
2021-12-23,5374,9608,6317,8564,1953,2,5,4,8,4,179,212,111,161,30
2021-12-24,2947,5577,3077,4877,1000,9,18,1,10,2,144,207,79,133,19
2021-12-25,1419,2344,1411,2164,457,7,7,5,9,5,143,201,112,140,22
2021-12-26,3720,7218,3610,6582,1867,4,11,4,12,3,178,258,112,162,32
2021-12-27,9815,15035,8474,14220,3720,8,10,5,12,1,271,318,144,197,36
2021-12-28,9861,14212,7969,14346,3311,6,12,5,13,1,202,270,150,207,41
2021-12-29,10125,14305,7731,14751,3598,13,17,6,4,2,261,296,130,217,53
2021-12-30,9350,13485,7571,13944,3118,5,15,4,9,0,301,327,157,206,55
2021-12-31,5139,8750,4580,8976,1709,10,19,10,15,2,168,292,132,200,42
2022-01-01,1990,3538,1931,3729,876,15,17,8,16,1,205,260,153,209,52
2022-01-02,4917,10154,5083,9887,2477,10,19,7,22,3,354,367,218,313,59
2022-01-03,10560,16665,9113,15224,3420,11,25,8,22,2,348,319,182,260,29
2022-01-04,10276,13843,8750,13395,2956,12,31,9,19,6,320,281,149,220,47
2022-01-05,7965,11198,7095,11459,2534,10,22,15,25,7,290,365,164,264,56
2022-01-06,6986,10468,6332,10492,2094,13,30,22,23,4,272,269,153,217,44
2022-01-07,4233,6874,4350,6435,1317,12,24,14,33,2,206,262,135,188,39
2022-01-08,2701,4842,2526,5020,1107,12,40,10,28,6,202,223,122,168,46
2022-01-09,1860,4692,2110,4571,1123,21,46,16,31,6,164,225,126,168,42
2022-01-10,4505,7550,4063,7299,1614,20,37,19,26,8,257,259,152,206,54
2022-01-11,3357,5554,2883,5457,1284,23,44,19,40,5,185,250,121,175,44
2022-01-12,3012,5679,3211,5417,1119,23,44,24,22,4,163,232,116,204,45
2022-01-13,2506,5251,2548,4818,973,18,44,24,33,6,159,215,121,200,42
2022-01-14,2205,4115,2323,3835,805,28,39,17,39,5,174,208,115,163,30
2022-01-15,887,2236,986,2118,535,14,40,16,25,2,116,172,71,118,41
2022-01-16,789,2413,1178,2061,452,20,49,17,24,3,100,133,64,123,32
2022-01-17,1187,3551,1650,2763,679,24,29,11,31,8,102,164,84,140,49
2022-01-18,1616,3582,2062,2952,707,26,36,13,34,7,122,147,85,138,20
2022-01-19,1251,3003,1739,2472,561,17,28,13,25,7,99,132,66,101,33
2022-01-20,952,2317,1436,1888,449,16,35,24,32,6,101,154,85,100,23
2022-01-21,766,1778,1154,1710,390,18,42,14,26,6,100,139,73,77,15
2022-01-22,465,1200,536,1159,273,10,37,6,24,8,81,94,45,85,19
2022-01-23,351,1234,605,982,227,18,36,17,25,2,60,87,41,78,15
2022-01-24,817,1997,1224,1551,425,16,42,9,29,14,109,97,62,73,15
2022-01-25,582,1604,1000,1248,328,19,37,18,25,2,84,119,43,76,25
2022-01-26,517,1455,900,1075,250,24,29,16,34,5,60,84,45,72,20
2022-01-27,443,1189,786,953,259,13,26,9,23,8,54,93,41,58,29
2022-01-28,307,895,568,756,197,13,30,17,20,14,47,53,40,52,15
2022-01-29,69,140,147,127,29,12,28,13,18,4,23,48,21,39,9
2022-01-30,138,488,319,364,116,16,32,9,24,4,23,52,15,37,17
2022-01-31,638,907,639,706,221,13,34,13,18,7,57,70,20,46,16
2022-02-01,282,757,520,527,148,12,20,9,27,2,31,60,22,54,10
2022-02-02,263,833,528,542,159,12,31,14,27,8,38,51,15,50,11
2022-02-03,253,752,419,457,121,12,22,14,16,8,30,57,16,28,11
2022-02-04,176,495,324,426,117,11,12,11,13,4,24,42,28,43,14
2022-02-05,117,298,195,266,70,13,12,9,11,3,30,33,17,30,7
2022-02-06,70,263,219,239,78,9,21,9,7,7,17,26,16,38,9
2022-02-07,190,529,368,404,111,5,18,4,6,4,20,32,19,28,4
2022-02-08,196,528,376,314,101,8,28,6,12,2,36,47,13,28,5
2022-02-09,158,407,342,329,80,8,13,8,15,4,24,39,15,29,7
2022-02-10,128,402,298,325,72,4,14,5,12,7,20,34,14,16,3
2022-02-11,133,317,236,229,67,10,10,7,10,5,21,33,11,31,10
2022-02-12,67,214,146,150,59,7,6,4,10,5,15,23,13,10,8
2022-02-13,55,153,105,110,35,12,17,4,7,3,15,11,10,14,6
2022-02-14,96,357,277,218,69,3,10,3,2,4,18,27,12,20,3
2022-02-15,91,299,269,206,74,2,5,5,11,1,14,28,7,16,8
2022-02-16,89,317,250,220,60,7,10,2,9,2,11,25,9,21,3
2022-02-17,81,268,232,205,45,6,15,11,7,1,9,20,17,23,4
2022-02-18,70,214,149,174,56,4,13,8,7,3,15,12,8,20,6
2022-02-19,40,103,123,125,34,6,10,2,12,1,11,16,6,13,2
2022-02-20,45,115,118,73,31,3,8,0,4,1,11,14,4,7,3
2022-02-21,47,155,161,160,36,3,9,3,12,2,11,6,8,12,1
2022-02-22,67,219,192,153,54,2,4,2,4,0,11,19,2,13,9
2022-02-23,68,200,259,140,36,3,6,2,7,1,13,9,7,11,3
2022-02-24,77,176,204,163,40,4,6,3,3,2,11,8,9,12,3
2022-02-25,32,184,165,119,38,4,3,2,6,2,4,18,4,11,7
2022-02-26,32,105,109,69,21,0,1,1,4,0,5,8,6,9,1
2022-02-27,27,126,115,68,24,1,4,5,7,1,5,7,4,9,4
2022-02-28,57,197,248,156,49,3,1,1,1,0,9,15,8,17,2
2022-03-01,56,181,230,111,33,4,3,2,7,3,11,10,8,10,4
2022-03-02,47,192,235,122,46,2,10,2,2,1,11,13,3,9,5
2022-03-03,51,159,230,123,23,0,4,1,2,1,9,10,8,10,4
2022-03-04,45,139,150,106,21,3,3,1,3,0,8,10,7,14,1
2022-03-05,29,86,107,66,29,5,2,1,1,2,7,5,3,7,4
2022-03-06,23,122,109,69,16,2,2,1,3,0,5,5,3,5,2
2022-03-07,38,230,241,110,37,1,2,0,5,2,3,6,5,7,4
2022-03-08,52,245,238,111,36,1,3,0,1,0,5,7,5,3,3
2022-03-09,42,221,228,109,25,2,3,2,4,0,8,5,2,7,4
2022-03-10,49,241,259,119,30,2,3,2,2,0,7,10,2,9,0
2022-03-11,59,207,204,104,30,1,3,1,3,0,5,7,5,3,2
2022-03-12,21,104,101,60,14,2,4,1,2,0,4,6,3,6,1
2022-03-13,35,129,151,93,27,1,4,1,2,2,2,7,2,11,2
2022-03-14,69,330,320,147,36,3,3,2,4,3,3,7,7,13,2
2022-03-15,61,313,300,141,33,5,1,3,0,1,8,8,7,3,3
2022-03-16,70,275,349,154,24,2,1,0,5,1,5,5,5,7,3
2022-03-17,66,246,288,125,29,0,1,1,1,1,4,9,2,8,5
2022-03-18,63,238,319,154,28,1,2,1,1,1,4,8,3,17,2
2022-03-19,26,132,174,90,26,0,3,0,1,1,4,5,9,1,3
2022-03-20,28,211,251,134,29,0,2,3,2,1,3,11,4,7,1
2022-03-21,105,399,555,208,45,0,2,1,0,0,6,9,6,3,3
2022-03-22,92,427,497,214,55,0,1,0,2,1,5,10,7,4,4
2022-03-23,85,403,492,225,63,1,0,0,0,3,6,6,7,3,0
2022-03-24,104,356,447,217,53,1,1,2,1,0,2,11,2,6,3
2022-03-25,94,333,411,211,45,3,0,0,2,0,5,9,10,14,0
2022-03-26,49,230,217,128,55,2,1,2,0,0,4,4,5,10,2
2022-03-27,48,268,272,150,39,1,3,1,1,0,4,8,2,5,3
2022-03-28,124,437,572,304,77,1,2,2,0,0,6,7,6,10,2
2022-03-29,110,481,494,261,89,2,1,0,2,0,2,12,2,11,2
2022-03-30,119,455,549,310,82,0,3,0,1,1,9,13,6,13,0
2022-03-31,97,447,588,277,99,1,1,0,1,0,5,8,15,9,6
2022-04-01,112,399,475,285,66,1,1,1,2,0,5,5,14,5,5
2022-04-02,70,286,311,175,35,0,0,0,1,1,5,7,8,8,1
2022-04-03,54,292,305,189,63,2,0,1,0,1,7,6,6,4,3
2022-04-04,187,619,793,458,96,1,0,2,2,0,3,10,14,10,2
2022-04-05,149,630,718,368,111,0,2,0,1,1,8,24,5,7,4
2022-04-06,149,649,823,386,88,1,1,0,1,0,6,16,8,11,2
2022-04-07,144,587,776,380,121,0,0,0,2,0,8,16,9,11,1
2022-04-08,136,550,643,427,127,0,1,0,1,1,10,14,11,9,2
2022-04-09,69,371,402,263,65,0,1,2,1,1,6,13,8,14,1
2022-04-10,69,343,450,240,88,3,2,0,1,1,9,7,15,10,2
2022-04-11,223,765,935,503,167,0,0,1,1,0,9,15,14,14,5
2022-04-12,206,712,889,495,121,1,3,1,0,0,9,12,11,10,2
2022-04-13,201,732,906,576,191,1,0,0,0,1,8,18,9,8,6
2022-04-14,192,639,802,551,122,0,2,2,3,0,7,14,12,10,5
2022-04-15,137,592,672,479,123,0,4,2,0,0,13,15,6,16,4
2022-04-16,116,350,322,329,87,0,1,0,2,1,9,12,8,11,1
2022-04-17,80,289,302,234,61,1,1,0,2,0,12,9,13,13,3
2022-04-18,186,663,765,565,167,0,2,0,0,1,10,20,11,14,4
2022-04-19,180,677,733,597,114,0,2,0,2,1,6,23,12,18,3
2022-04-20,194,581,683,583,125,0,0,0,1,0,6,20,8,11,2
2022-04-21,177,614,551,495,157,1,3,0,1,0,11,13,11,14,12
2022-04-22,171,512,464,518,151,0,3,2,1,0,8,21,23,24,9
2022-04-23,116,462,338,405,90,0,2,0,1,0,14,15,11,14,2
2022-04-24,112,422,349,428,151,0,0,0,3,1,8,14,11,14,2
2022-04-25,293,927,761,768,168,0,0,2,1,0,5,16,20,17,9
2022-04-26,260,833,901,757,198,1,2,2,1,1,16,13,11,26,5
2022-04-27,298,831,758,759,141,0,1,0,3,0,17,26,23,17,5
2022-04-28,246,809,691,764,159,1,0,3,0,0,10,31,18,15,3
2022-04-29,230,828,816,763,148,1,0,0,2,0,19,19,15,18,6
2022-04-30,137,498,382,491,111,1,0,1,2,2,14,14,15,22,5
2022-05-01,131,564,592,479,111,1,2,0,1,0,9,19,15,17,3
2022-05-02,296,1191,1194,1000,210,0,2,2,0,1,15,20,14,15,4
2022-05-03,330,1126,1017,1066,236,1,1,1,2,0,19,23,20,24,6
2022-05-04,327,1116,962,1046,264,0,0,2,1,1,11,29,24,15,9
2022-05-05,377,1079,799,1085,231,0,1,2,1,0,24,23,20,25,11
2022-05-06,278,876,706,982,239,3,2,0,1,0,10,24,17,26,10
2022-05-07,161,523,441,567,161,0,3,1,3,0,15,22,16,14,10
2022-05-08,150,634,458,538,192,0,3,0,0,0,8,19,13,19,7
2022-05-09,472,1265,1009,1296,304,0,5,1,1,1,15,27,26,24,9
2022-05-10,376,1333,910,1148,273,0,0,0,1,0,20,23,19,33,8
2022-05-11,433,1257,956,1143,294,0,5,1,4,1,28,35,14,22,5
2022-05-12,440,1210,860,1171,312,1,6,1,1,0,21,17,24,27,9
2022-05-13,410,1078,713,1060,266,0,1,0,1,0,23,40,21,30,9
2022-05-14,238,733,508,740,214,2,2,2,5,1,15,36,21,29,4
2022-05-15,209,749,451,635,195,1,4,2,2,0,21,18,11,26,9
2022-05-16,559,1401,976,1248,318,1,1,0,3,0,15,33,28,33,14
2022-05-17,478,1205,967,1155,337,1,2,2,0,2,28,26,31,24,13
2022-05-18,551,1253,930,1177,344,0,6,0,2,0,16,24,31,31,7
2022-05-19,490,1143,789,1045,279,1,2,1,1,0,11,21,13,22,11
2022-05-20,432,1028,761,972,244,2,1,2,4,0,36,28,22,36,6
2022-05-21,287,663,576,731,195,3,5,2,3,0,36,36,18,27,14
2022-05-22,214,721,598,612,188,0,0,1,3,1,17,41,22,25,6
2022-05-23,557,1405,1094,1277,363,1,5,2,1,1,20,42,34,32,7
2022-05-24,521,1174,960,1019,277,2,6,2,2,2,10,47,15,28,8
2022-05-25,453,1199,885,1085,262,2,4,0,3,2,25,48,23,29,8
2022-05-26,431,997,727,915,235,1,3,0,2,0,23,30,23,27,15
2022-05-27,370,880,693,837,178,0,2,2,3,1,20,27,13,24,7
2022-05-28,193,566,483,590,174,1,4,2,1,0,10,20,15,13,12
2022-05-29,182,599,404,483,119,1,2,1,3,5,14,37,11,17,8
2022-05-30,210,519,425,467,102,0,3,2,0,0,17,27,18,23,10
2022-05-31,513,1313,1002,1156,296,2,3,0,2,0,21,29,27,36,9
2022-06-01,502,1116,803,950,231,2,3,2,2,0,19,37,15,28,9
2022-06-02,381,1010,754,845,206,1,5,2,5,0,20,29,25,31,10
2022-06-03,350,804,654,823,169,0,5,1,1,2,16,30,14,27,7
2022-06-04,193,532,402,507,140,4,1,1,2,2,8,22,10,16,10
2022-06-05,172,475,395,510,115,1,4,3,2,0,19,22,13,16,8
2022-06-06,427,984,712,988,213,2,4,2,4,3,21,34,21,32,9
2022-06-07,380,901,603,853,175,2,1,2,1,1,24,27,11,21,7
2022-06-08,337,916,626,842,197,2,4,3,4,2,21,46,19,30,7
2022-06-09,315,788,566,705,160,0,5,2,3,1,15,40,28,27,4
2022-06-10,319,721,480,738,157,3,1,3,5,0,19,35,14,29,6
2022-06-11,197,412,254,494,103,3,4,0,5,1,14,34,16,20,5
2022-06-12,154,425,341,454,137,1,3,3,4,1,15,22,15,26,2
2022-06-13,455,931,654,879,203,1,3,0,1,1,21,37,17,36,11
2022-06-14,336,878,638,814,198,1,1,1,0,0,21,28,23,33,11
2022-06-15,381,904,595,771,178,0,1,2,2,0,31,42,18,31,8
2022-06-16,325,726,566,677,174,1,6,1,4,0,24,35,30,31,8
2022-06-17,335,701,519,745,142,1,3,1,3,0,34,30,18,21,6
2022-06-18,244,527,389,528,117,2,3,1,0,0,23,28,10,19,4
2022-06-19,161,440,367,507,101,0,1,0,1,1,12,35,12,28,8
2022-06-20,322,683,542,735,160,1,4,1,2,0,19,38,21,32,9
2022-06-21,485,1092,849,1008,228,2,2,3,4,1,20,48,29,36,6
2022-06-22,480,896,733,985,199,2,0,2,2,1,27,36,34,30,10
2022-06-23,381,851,690,847,177,2,3,1,4,1,17,32,28,29,10
2022-06-24,390,812,605,833,176,0,2,4,6,2,32,56,25,27,8
2022-06-25,267,604,462,599,133,3,4,0,4,0,23,27,22,24,8
2022-06-26,226,625,419,652,137,0,2,1,3,0,16,38,19,41,5
2022-06-27,505,1123,832,1072,263,0,4,4,2,1,33,27,27,38,11
2022-06-28,509,1155,783,989,194,2,3,2,4,0,24,34,24,30,14
2022-06-29,497,1027,830,1035,214,1,2,2,2,2,32,48,27,28,7
2022-06-30,506,879,710,877,176,2,5,0,1,0,52,38,28,34,10
2022-07-01,467,878,681,887,198,2,3,0,1,2,33,37,22,39,10
2022-07-02,317,572,488,677,161,0,5,3,1,0,19,21,34,40,6
2022-07-03,296,634,492,632,159,0,6,2,3,1,29,43,21,31,6
2022-07-04,272,427,434,493,109,1,4,2,5,0,16,32,26,38,7
2022-07-05,790,1501,1084,1523,332,2,7,0,1,0,51,44,24,38,13
2022-07-06,645,1228,961,1235,284,1,3,0,1,0,44,46,30,48,17
2022-07-07,617,1248,903,1207,255,2,2,2,1,1,41,60,24,45,21
2022-07-08,531,1129,779,1127,244,1,3,0,0,0,32,49,29,44,12
2022-07-09,393,759,472,743,184,1,2,2,6,2,25,49,18,31,18
2022-07-10,269,725,522,750,187,3,1,3,1,0,19,43,28,44,14
2022-07-11,744,1411,1040,1466,321,1,0,2,1,1,47,59,34,51,16
2022-07-12,698,1253,850,1200,243,2,4,1,5,0,42,57,37,51,14
2022-07-13,627,1181,816,1141,209,2,3,1,8,0,38,47,31,56,14
2022-07-14,608,1188,763,1114,228,2,4,1,5,1,38,49,27,51,13
2022-07-15,568,1164,732,1084,196,4,2,1,4,0,44,43,32,58,11
2022-07-16,360,633,444,744,177,2,1,1,2,0,38,37,40,32,11
2022-07-17,307,685,524,704,169,2,0,5,9,3,27,53,27,39,10
2022-07-18,627,1259,854,1343,278,3,2,1,3,4,40,67,30,53,18
2022-07-19,650,1166,822,1209,226,2,2,1,4,1,34,66,37,42,18
2022-07-20,643,1124,760,1070,232,3,4,2,3,3,44,54,37,45,15
2022-07-21,536,1004,699,988,206,2,6,2,4,0,47,47,32,53,11
2022-07-22,489,958,624,915,228,1,6,0,9,1,24,47,31,44,12
2022-07-23,325,603,410,688,154,2,8,3,5,1,39,39,25,30,14
2022-07-24,297,598,397,599,140,0,4,1,5,3,32,34,27,30,5
2022-07-25,713,1180,877,1264,254,0,8,5,4,0,39,54,45,49,15
2022-07-26,667,1086,756,1130,243,3,3,2,3,1,41,45,32,39,10
2022-07-27,578,1075,747,1029,225,0,5,3,6,1,32,38,37,44,24
2022-07-28,574,934,629,885,197,4,1,3,6,1,39,34,26,34,11
2022-07-29,500,829,541,856,178,2,5,2,5,2,34,40,29,32,14
2022-07-30,311,494,310,588,118,2,3,5,3,2,29,39,25,35,5
2022-07-31,301,569,333,592,140,4,4,1,2,1,26,43,17,39,14
2022-08-01,645,1107,727,1156,217,1,4,4,3,1,22,53,41,36,15
2022-08-02,570,1032,724,1000,212,2,5,1,6,0,44,51,23,36,9
2022-08-03,570,843,654,933,199,1,3,1,5,1,44,53,25,37,14
2022-08-04,469,849,585,868,191,3,3,0,4,6,30,42,35,36,12
2022-08-05,436,782,523,801,188,2,2,2,8,1,41,46,38,39,13
2022-08-06,302,429,320,517,110,1,7,1,5,2,33,31,18,29,5
2022-08-07,250,445,284,508,129,2,4,1,5,3,27,31,25,26,13
2022-08-08,600,975,638,921,232,2,6,1,6,3,46,49,29,24,11
2022-08-09,531,748,505,772,175,1,2,2,10,2,41,42,33,39,11
2022-08-10,406,801,454,714,180,3,3,0,4,0,38,46,23,34,14
2022-08-11,434,609,419,699,156,1,5,1,0,2,34,44,33,36,7
2022-08-12,363,608,383,561,104,1,2,5,4,1,28,46,24,34,14
2022-08-13,187,357,253,406,95,2,6,3,2,0,18,32,19,21,4
2022-08-14,198,384,238,423,87,2,4,3,5,0,30,26,12,35,5
2022-08-15,431,780,506,780,180,3,3,1,5,1,33,49,19,31,14
2022-08-16,370,667,485,687,167,4,5,2,3,0,31,54,25,22,9
2022-08-17,350,643,413,657,141,4,7,2,6,0,30,58,16,35,5
2022-08-18,331,611,398,647,126,3,3,3,4,1,27,45,21,26,9
2022-08-19,312,530,414,552,123,0,5,3,1,1,36,31,26,22,8
2022-08-20,200,338,233,401,91,2,4,3,5,4,30,31,12,30,6
2022-08-21,183,373,211,397,104,3,5,3,4,1,14,40,15,27,7
2022-08-22,384,667,434,666,136,6,4,2,4,0,47,44,25,24,8
2022-08-23,352,555,442,569,130,3,3,2,3,0,32,30,28,29,9
2022-08-24,308,570,372,538,126,4,3,3,4,1,38,41,20,32,9
2022-08-25,345,523,344,530,103,3,5,1,4,0,24,46,20,30,4
2022-08-26,263,473,353,496,107,4,8,2,3,1,37,35,21,30,10
2022-08-27,190,291,220,341,74,5,1,0,4,1,27,31,12,30,6
2022-08-28,164,327,243,318,65,1,3,4,4,2,19,20,15,30,7
2022-08-29,360,647,429,590,160,0,3,1,1,0,33,44,21,39,8
2022-08-30,289,533,347,575,113,4,4,3,4,0,20,46,23,34,17
2022-08-31,293,534,335,556,120,4,2,3,1,1,20,25,23,27,6
2022-09-01,264,471,324,501,97,0,2,3,1,3,25,33,17,29,5
2022-09-02,239,465,279,411,87,2,3,2,3,2,29,45,20,19,5
2022-09-03,146,215,184,289,88,2,3,1,1,0,15,27,18,22,4
2022-09-04,124,274,195,277,90,2,9,2,4,2,16,24,14,22,2
2022-09-05,157,292,196,277,70,2,3,1,4,0,14,33,12,22,10
2022-09-06,304,600,397,590,152,0,3,1,1,2,33,28,13,38,5
2022-09-07,271,532,390,498,108,2,4,2,2,0,15,42,14,27,5
2022-09-08,229,508,325,513,61,2,5,1,4,1,22,35,19,30,4
2022-09-09,226,461,338,409,76,2,4,0,2,2,22,30,21,25,1
2022-09-10,153,262,208,321,80,3,0,0,5,1,17,26,18,23,7
2022-09-11,121,296,178,289,60,3,4,0,2,1,16,34,16,25,6
2022-09-12,314,628,449,564,112,2,1,0,2,1,19,35,23,31,8
2022-09-13,261,496,385,474,113,2,1,6,4,0,23,31,20,43,7
2022-09-14,315,481,404,516,107,0,1,0,4,2,25,40,11,37,5
2022-09-15,279,424,360,456,135,4,5,2,4,0,23,35,13,29,10
2022-09-16,296,447,321,439,101,3,5,4,6,1,19,23,13,23,9
2022-09-17,184,300,209,312,79,4,3,2,1,0,16,29,11,22,4
2022-09-18,165,359,241,321,73,2,2,1,6,2,18,31,12,25,7
2022-09-19,407,709,495,658,165,2,4,1,4,0,18,31,15,22,10
2022-09-20,385,678,412,615,141,2,1,1,4,1,27,34,19,36,5
2022-09-21,348,592,431,534,135,2,4,1,4,1,21,34,27,32,12
2022-09-22,260,467,320,481,119,1,3,1,4,0,21,29,9,33,12
2022-09-23,266,408,314,427,98,1,1,2,2,1,22,32,24,29,11
2022-09-24,130,287,197,283,94,1,1,1,1,0,21,22,16,25,5
2022-09-25,124,309,220,311,96,2,0,2,2,1,29,30,21,33,7
2022-09-26,292,551,447,572,162,0,3,0,3,1,26,35,16,43,17
2022-09-27,262,525,403,528,179,0,4,1,3,1,29,43,21,30,13
2022-09-28,330,581,416,552,161,0,2,2,2,0,24,45,18,37,14
2022-09-29,237,581,365,497,168,1,4,1,5,0,11,39,18,34,9
2022-09-30,240,442,313,417,164,2,4,1,7,1,24,33,20,34,13
2022-10-01,105,227,173,266,119,2,3,1,3,0,21,30,20,28,8
2022-10-02,125,253,208,256,108,1,3,1,2,2,16,32,20,26,11
2022-10-03,270,554,396,553,182,1,5,1,2,1,24,40,21,33,11
2022-10-04,227,463,360,428,146,2,1,0,3,1,30,40,23,39,15
2022-10-05,212,397,304,441,143,4,6,2,3,1,26,39,17,44,10
2022-10-06,272,551,436,470,159,3,1,2,5,1,15,31,37,39,10
2022-10-07,204,433,360,437,149,1,5,1,4,0,28,22,22,37,10
2022-10-08,138,240,187,309,83,3,1,2,4,1,16,15,13,36,11
2022-10-09,110,256,214,296,101,1,3,3,2,3,17,22,18,23,3
2022-10-10,238,433,377,474,151,1,3,3,4,1,18,24,23,33,7
2022-10-11,295,549,419,554,172,3,2,2,4,2,16,23,27,27,8
2022-10-12,287,569,428,535,136,2,3,0,3,0,24,35,16,26,4
2022-10-13,267,539,373,533,121,5,1,3,3,1,28,26,16,42,11
2022-10-14,254,494,324,438,123,6,2,2,1,0,27,22,25,26,18
2022-10-15,153,277,195,341,62,1,0,1,2,3,15,30,19,31,6
2022-10-16,115,288,181,317,93,4,1,1,2,1,11,18,13,25,8
2022-10-17,310,521,444,643,155,1,3,4,7,1,21,34,19,24,11
2022-10-18,269,524,407,553,106,2,1,3,5,0,18,32,27,33,5
2022-10-19,332,520,392,479,127,1,6,2,4,1,30,44,27,36,11
2022-10-20,239,475,353,462,105,1,2,4,1,1,28,35,25,35,16
2022-10-21,254,459,326,438,86,1,8,4,3,1,22,38,23,25,13
2022-10-22,160,322,232,358,79,1,4,2,1,1,21,41,18,29,12
2022-10-23,172,319,232,312,76,4,3,8,3,1,26,30,18,28,8
2022-10-24,385,679,482,644,141,1,4,4,5,7,32,41,21,35,8
2022-10-25,387,681,415,634,127,4,2,1,9,1,34,45,20,38,10
2022-10-26,362,669,455,661,106,1,6,5,4,1,29,51,26,41,7
2022-10-27,324,574,420,545,109,1,6,1,3,1,16,39,20,33,11
2022-10-28,286,527,375,475,93,0,3,3,6,1,26,40,17,30,6
2022-10-29,178,315,203,382,70,1,4,3,1,1,27,27,18,19,5
2022-10-30,164,352,246,375,84,2,7,2,2,0,16,46,24,33,10
2022-10-31,418,732,422,725,135,5,3,0,5,1,31,52,26,45,5
2022-11-01,408,684,416,668,110,5,3,1,5,0,33,45,24,42,13
2022-11-02,374,709,511,727,116,6,0,1,8,1,31,46,34,37,8
2022-11-03,411,662,442,667,121,1,2,2,9,0,31,36,24,43,9
2022-11-04,333,665,442,619,109,0,3,2,1,1,23,51,27,27,8
2022-11-05,223,397,259,450,65,3,3,4,6,1,25,40,20,36,7
2022-11-06,185,455,251,460,93,2,2,1,4,3,25,23,19,26,15
2022-11-07,472,864,540,790,166,3,5,0,4,1,35,46,24,41,3
2022-11-08,366,747,440,639,100,1,5,3,3,3,34,54,28,35,6
2022-11-09,399,676,421,652,129,2,7,4,7,0,30,38,26,22,8
2022-11-10,368,628,401,516,94,1,4,2,3,2,29,40,29,52,7
2022-11-11,286,448,317,475,98,1,8,5,8,3,34,39,32,43,7
2022-11-12,210,462,263,496,107,1,4,3,5,2,24,42,16,26,9
2022-11-13,220,411,247,402,94,0,2,1,5,0,27,30,22,26,9
2022-11-14,539,865,572,846,135,1,5,2,6,2,42,35,38,48,8
2022-11-15,394,725,490,670,108,4,2,6,5,1,35,45,23,40,5
2022-11-16,419,665,479,660,102,2,8,2,4,1,36,47,29,33,7
2022-11-17,309,558,355,570,98,2,5,3,3,0,24,56,27,41,11
2022-11-18,275,502,281,442,68,5,3,0,5,1,24,46,19,36,5
2022-11-19,174,329,209,381,62,2,7,2,4,2,13,31,21,22,5
2022-11-20,180,430,252,387,89,3,7,2,7,0,31,41,27,31,8
2022-11-21,488,890,605,860,168,0,7,3,6,0,32,43,39,51,7
2022-11-22,415,826,540,795,125,3,2,6,3,2,29,36,33,53,6
2022-11-23,426,788,561,788,136,2,5,1,3,3,34,49,33,49,8
2022-11-24,162,314,183,302,46,3,9,1,4,0,23,39,22,43,8
2022-11-25,355,651,420,733,111,1,5,2,7,0,39,57,27,51,11
2022-11-26,358,584,349,636,111,2,3,1,2,0,34,58,37,42,5
2022-11-27,271,640,351,620,139,0,5,1,2,2,33,64,35,49,11
2022-11-28,822,1496,821,1391,245,3,9,3,2,2,42,67,31,53,15
2022-11-29,695,1134,706,1151,190,7,4,0,7,0,48,69,28,54,6
2022-11-30,578,980,528,971,152,1,7,3,5,0,51,73,32,70,7
2022-12-01,564,900,545,944,121,3,1,2,8,2,45,53,33,50,10
2022-12-02,523,856,562,917,113,3,5,1,6,0,49,55,39,51,7
2022-12-03,245,492,277,550,94,2,9,5,4,2,38,61,39,49,8
2022-12-04,262,584,321,569,101,4,2,2,4,1,46,34,34,43,6
2022-12-05,705,1227,733,1209,220,1,8,1,4,2,55,66,35,52,13
2022-12-06,564,1000,551,1018,167,3,6,2,5,3,45,60,28,52,16
2022-12-07,574,1052,662,961,166,3,3,4,4,0,38,66,47,67,9
2022-12-08,526,909,591,972,142,6,7,3,5,0,45,55,31,52,17
2022-12-09,545,843,609,836,145,2,6,4,5,0,38,62,33,48,9
2022-12-10,287,521,284,543,92,6,3,3,5,1,34,68,24,43,11
2022-12-11,249,565,261,486,122,8,7,6,7,2,25,45,25,47,11
2022-12-12,723,1204,796,1156,184,0,6,4,9,1,45,75,37,45,10
2022-12-13,636,1083,736,992,184,4,4,2,8,1,52,60,48,56,11
2022-12-14,571,1004,670,991,176,4,7,1,11,1,48,57,39,72,11
2022-12-15,478,926,503,891,162,6,7,4,7,3,43,54,43,63,10
2022-12-16,463,774,483,774,164,4,6,3,3,3,48,66,29,61,22
2022-12-17,326,588,371,615,126,2,4,5,8,0,33,43,22,52,13
2022-12-18,261,589,328,533,152,1,7,5,9,5,40,47,32,34,15
2022-12-19,659,1158,710,1130,282,0,5,4,5,2,42,51,54,52,27
2022-12-20,625,1025,642,959,187,4,11,5,5,1,44,54,29,49,13
2022-12-21,577,984,622,949,209,3,10,3,8,0,40,54,39,55,16
2022-12-22,474,849,545,799,173,4,3,6,6,2,37,67,29,59,16
2022-12-23,391,696,436,715,161,7,8,4,6,3,34,45,34,39,17
2022-12-24,175,318,152,305,72,4,9,3,7,2,30,44,21,21,10
2022-12-25,139,263,145,228,67,5,7,2,6,7,40,40,27,31,11
2022-12-26,350,742,380,681,167,3,7,6,9,3,36,49,39,52,14
2022-12-27,612,1000,509,1108,239,5,10,4,7,0,42,53,36,70,26
2022-12-28,604,908,516,891,253,6,10,4,9,1,51,65,34,71,22
2022-12-29,582,891,506,888,210,2,11,6,7,2,51,60,41,59,18
2022-12-30,506,780,462,783,167,6,9,4,8,4,59,48,53,63,18
2022-12-31,255,419,229,431,120,4,4,5,5,2,46,44,30,57,14
2023-01-01,181,362,164,339,93,2,12,2,9,3,46,48,33,59,23
2023-01-02,431,867,460,860,194,2,1,5,10,2,41,53,32,42,16
2023-01-03,692,1092,673,1098,237,2,10,2,9,1,46,49,39,77,10
2023-01-04,650,938,589,971,190,6,8,1,9,0,37,66,23,44,16
2023-01-05,534,844,509,844,143,8,7,4,5,1,48,59,36,60,20
2023-01-06,477,694,462,697,145,6,13,6,9,3,28,44,28,47,13
2023-01-07,239,403,268,461,84,2,7,5,4,1,35,33,29,33,12
2023-01-08,180,401,252,404,108,6,4,3,3,2,24,37,32,23,11
2023-01-09,512,867,494,802,188,5,6,6,7,1,27,61,29,60,20
2023-01-10,466,756,420,668,133,1,5,2,10,1,23,53,41,53,9
2023-01-11,427,733,362,581,110,4,5,4,3,1,42,44,24,51,11
2023-01-12,370,656,365,560,127,2,6,3,4,3,31,43,22,37,7
2023-01-13,353,552,313,518,107,2,6,2,6,2,38,41,28,40,11
2023-01-14,182,301,202,340,89,6,4,3,7,3,27,25,22,30,15
2023-01-15,173,318,179,286,79,4,2,3,7,1,28,23,20,17,7
2023-01-16,276,561,278,478,117,3,6,2,4,3,36,42,18,38,12
2023-01-17,483,738,394,676,149,4,5,4,6,1,33,47,19,49,15
2023-01-18,373,534,298,485,103,0,5,1,6,2,33,40,34,43,7
2023-01-19,327,510,304,448,92,5,5,0,1,3,34,38,24,28,10
2023-01-20,310,488,327,456,104,2,5,3,8,1,31,26,36,24,14
2023-01-21,176,308,134,322,58,5,5,4,7,1,28,31,14,32,5
2023-01-22,154,269,160,269,94,3,9,2,7,0,21,30,16,17,10
2023-01-23,377,572,330,544,118,1,5,4,3,2,32,38,26,38,10
2023-01-24,363,493,298,498,96,4,9,3,9,3,34,32,16,28,2
2023-01-25,282,451,272,370,108,1,6,2,7,3,21,38,20,30,10
2023-01-26,277,452,273,403,111,3,6,0,3,2,26,29,17,27,13
2023-01-27,271,401,251,353,105,3,3,4,6,0,24,29,17,24,9
2023-01-28,149,239,145,222,69,2,6,1,5,0,18,36,19,24,9
2023-01-29,114,208,128,193,87,1,4,6,4,1,21,28,13,17,9
2023-01-30,332,607,305,507,135,3,5,1,5,3,23,45,22,33,12
2023-01-31,277,488,249,383,91,4,6,3,2,3,26,35,19,29,5
2023-02-01,229,379,191,325,60,1,6,3,7,0,16,27,19,23,15
2023-02-02,202,355,185,301,79,4,5,3,4,0,23,25,19,25,11
2023-02-03,175,294,169,239,69,1,6,4,0,3,20,30,14,19,14
2023-02-04,86,110,74,143,47,5,6,3,3,3,16,22,16,20,8
2023-02-05,94,173,84,154,45,3,3,2,3,1,22,26,20,19,4
2023-02-06,244,446,279,358,113,1,2,4,3,1,28,25,11,22,8
2023-02-07,209,357,213,302,92,1,3,1,2,2,28,19,17,16,10
2023-02-08,177,268,200,257,59,1,2,1,4,0,21,14,17,13,4
2023-02-09,152,240,149,245,52,2,1,1,4,1,12,7,11,6,6
2023-02-10,151,234,160,227,53,0,1,1,1,1,1,2,0,1,0
2023-02-11,87,129,88,119,31,1,0,0,0,0,0,0,0,0,0
